  <play genre="Drama" year="1800" language="romanian" id="1">
    <characters id="2">
      <description>description1</description>
      <name>name1</name>
      <protagonist>protagonis1</protagonist>
    </characters>
    <characters id="3">
      <description>description2</description>
      <name>name2</name>
      <protagonist>protagonis2</protagonist>
    </characters>
    <characters id="4">
      <description>description3</description>
      <name>name3</name>
      <protagonist>protagonis3</protagonist>
    </characters>
    <author>author1</author>
  </play>
